date;day;average;median;deviation;soften;returns
20210807;1072;0.415;0.415;0.091923882;0.415;0
20210808;1073;0.437840835;0.4;0.345588205;0.4;-0.036144578
20210809;1074;1.840529383;1.49;1.621085109;0.768333333;0.920833333
20210810;1075;1.413946572;1;2.167664753;0.722777778;-0.059291396
20210811;1076;1.064519956;0.77;1.230842091;0.753703704;0.042787599
20210812;1077;0.953268206;0.7;0.875517716;0.725493827;-0.037428337
20210813;1078;0.861063076;0.69;0.541464127;0.723065844;-0.003346663
20210814;1079;0.756807002;0.65;0.429573316;0.69951989;-0.032564051
20210815;1080;0.823422758;0.65;0.66971936;0.690861911;-0.01237703
20210816;1081;0.68336017;0.53495;0.613624371;0.641777267;-0.071048415
20210817;1082;0.566308609;0.48;0.32235545;0.604213059;-0.058531534
20210818;1083;0.631886749;0.49;0.512835664;0.578663442;-0.042285775
20210819;1084;0.507070273;0.42;0.267613395;0.534292167;-0.076678898
20210820;1085;0.546208519;0.415;0.471344342;0.509318536;-0.046741525
20210821;1086;0.620665642;0.455;0.744401384;0.499536901;-0.019205339
20210822;1087;0.645158953;0.49;0.564107459;0.499618479;0.000163307
20210823;1088;0.888721237;0.5;1.354291086;0.49971846;0.000200115
20210824;1089;0.682041216;0.55;0.537411482;0.516445646;0.033473221
20210825;1090;0.813129824;0.66;0.50098222;0.558721369;0.081858997
20210826;1091;0.806335461;0.69;0.503386791;0.588389005;0.053099162
20210827;1092;0.742834971;0.65;0.294912725;0.599036791;0.018096508
20210828;1093;0.819372757;0.75;0.370464737;0.645808599;0.078078355
20210829;1094;0.989104981;0.8;0.760974389;0.68161513;0.055444494
20210830;1095;1.057193176;0.859;0.954234416;0.72880791;0.069236696
20210831;1096;0.925606306;0.8;0.402351497;0.73680768;0.010976514
20210901;1097;1.43184304;0.9305;1.645606223;0.798705197;0.084007697
20210902;1098;1.013508333;0.89;0.675529741;0.808504292;0.012268727
20210903;1099;0.923255263;0.84;0.284918981;0.815736496;0.008945165
20210904;1100;0.858251318;0.72;0.525815978;0.781413596;-0.042075965
20210905;1101;0.739055178;0.6889;0.245570756;0.762016697;-0.024822832
20210906;1102;0.78644417;0.687;0.42473469;0.743476765;-0.024330087
20210907;1103;0.850595695;0.639;0.689924294;0.714831154;-0.038529261
20210908;1104;0.760684615;0.6;0.399772882;0.68610264;-0.040189231
20210909;1105;0.727932394;0.62;0.326954787;0.673644598;-0.018157694
20210910;1106;0.722995455;0.695;0.310760195;0.684915746;0.016731594
20210911;1107;0.766072565;0.73;0.323897565;0.696186781;0.01645609
20210912;1108;0.773630189;0.65;0.390580994;0.677034176;-0.027510729
20210913;1109;0.737308333;0.595;0.308957647;0.656073652;-0.030959328
20210914;1110;1.067305505;0.59;0.903975071;0.641035943;-0.022920764
20210915;1111;1.251255172;0.65;1.721164146;0.649036532;0.012480718
20210916;1112;0.762309375;0.615;0.422169283;0.635024158;-0.021589499
20210917;1113;0.757938462;0.5969;0.568411694;0.626986897;-0.012656623
20210918;1114;0.754311905;0.59;0.594488963;0.617337018;-0.015390877
20210919;1115;0.9447075;0.78;0.750116559;0.674774638;0.093040946
20210920;1116;0.834135294;0.72;0.318521174;0.670703885;-0.006032759
20210921;1117;0.909099742;0.6995;0.518564921;0.681659508;0.016334515
20210922;1118;0.765547368;0.685;0.260397386;0.679121131;-0.003723819
20210923;1119;1.100695534;0.69;1.407703239;0.683593546;0.006585593
20210924;1120;0.920695054;0.74;0.535840562;0.700904892;0.025324034
20210925;1121;0.762321951;0.7;0.173163071;0.694832813;-0.0086632
20210926;1122;1.186073911;0.94;0.696266423;0.778579235;0.120527443
20210927;1123;0.891239474;0.75;0.39665693;0.741137349;-0.048090013
20210928;1124;1.079793693;0.75;0.859366709;0.756572195;0.020825891
20210929;1125;1.19803956;0.9;0.781922839;0.799236515;0.056391604
20210930;1126;1.115683951;0.88;0.733927324;0.811936237;0.015889817
20211001;1127;1.215748044;0.95;0.856350669;0.85372425;0.051467113
20211002;1128;1.145577273;0.9725;0.441733686;0.879386829;0.030059564
20211003;1129;1.257284783;1;0.570401736;0.911037026;0.035991212
20211004;1130;1.570449296;1.2;1.409318438;0.996807952;0.094146476
20211005;1131;1.361504213;1.0054;0.825015826;0.971081659;-0.025808675
20211006;1132;1.956874615;1.09;4.626237186;1.019296537;0.049650693
20211007;1133;1.2854075;1.0975;0.546881542;1.029292732;0.009806955
20211008;1134;1.792428889;1.1;2.351634438;1.049529756;0.019661097
20211009;1135;1.428582647;1.345;0.520355875;1.141274163;0.087414774
20211010;1136;1.62665098;1.15;1.102872223;1.113601306;-0.024247335
20211011;1137;1.559323881;1.2;0.87845235;1.151625156;0.03414494
20211012;1138;1.490569059;1.25;0.499872926;1.171742154;0.017468356
20211013;1139;1.673093098;1.3;0.872300338;1.207789104;0.030763551
20211014;1140;1.67444;1.3;0.968339339;1.226510419;0.015500484
20211015;1141;1.597689655;1.35;0.619122138;1.261433174;0.028473264
20211016;1142;1.399180952;1.105;0.627652166;1.197647865;-0.050565746
20211017;1143;1.464009756;1.19;0.846667185;1.216360346;0.01562436
20211018;1144;1.316928788;1.125;0.483932095;1.179669404;-0.030164534
20211019;1145;1.295918793;1.05;0.423899362;1.148676583;-0.026272463
20211020;1146;1.354555882;1.075;1.021584684;1.134448662;-0.012386359
20211021;1147;1.728187037;1.08;1.592659601;1.121041749;-0.011818
20211022;1148;1.325694915;1.19;0.42025212;1.148496804;0.024490662
20211023;1149;1.475859649;1.15;0.955156961;1.139846184;-0.007532123
20211024;1150;1.528104878;1.26;0.76138035;1.182780996;0.037667198
20211025;1151;1.401513397;1.165;0.622008955;1.162542393;-0.017111031
20211026;1152;1.446468421;1.2445;0.770249623;1.196607796;0.029302504
20211027;1153;1.43244;1.25;0.73203945;1.203050063;0.005383775
20211028;1154;1.504448065;1.39;1.039981177;1.263219287;0.050013898
20211029;1155;1.259097059;1.0805;0.747014556;1.18225645;-0.064092464
20211030;1156;1.372307895;1.123;0.641786101;1.189491912;0.006120045
20211031;1157;1.384793824;1.0945;0.774456506;1.155416121;-0.02864735
20211101;1158;1.27565;1.09;0.624250344;1.144969344;-0.009041571
20211102;1159;1.272;1.1;0.554696828;1.133461822;-0.010050507
20211103;1160;1.16447;1;0.510221146;1.092810389;-0.035864845
20211104;1161;1.186197297;1.1;0.407632932;1.108757403;0.014592664
20211105;1162;1.346789091;1.2;0.603126052;1.133855931;0.022636627
20211106;1163;1.139905263;1.101;0.194972347;1.114537778;-0.017037573
20211107;1164;1.475468966;1.3025;0.560324048;1.183631236;0.061992926
20211108;1165;1.154636585;1.05;0.295452036;1.116056338;-0.057091175
20211109;1166;1.546125926;1.048;1.728082692;1.115895858;-0.000143792
20211110;1167;1.620671429;1.135;1.581313331;1.122317399;0.005754606
20211111;1168;1.675500137;1.21;2.416993143;1.149404419;0.024134902
20211112;1169;1.296608;1.01;0.688758337;1.093907273;-0.048283394
20211113;1170;1.620545161;1.15;1.011749867;1.131103897;0.034003453
20211114;1171;1.120392308;0.98;0.520071589;1.068337057;-0.055491667
20211115;1172;1.319029787;1.05;0.494072496;1.083146985;0.013862599
20211116;1173;1.265876134;1.15;0.314504415;1.10049468;0.016016013
20211117;1174;1.793861765;1.4;1.076761809;1.194547222;0.085463876
20211118;1175;1.294933333;1.2;0.379354437;1.165013967;-0.024723388
20211119;1176;1.388010169;1.2;0.564075557;1.186520396;0.018460233
20211120;1177;1.386420313;1.195;0.522217687;1.182178121;-0.003659672
20211121;1178;1.413581957;1.22;0.658118506;1.196232839;0.011888833
20211122;1179;1.29306875;1.135;0.561344845;1.171136987;-0.02097907
20211123;1180;1.4342675;1.1895;1.137677165;1.185623275;0.012369423
20211124;1181;1.603565;1.2995;1.422588645;1.218753421;0.027943231
20211125;1182;1.501050615;1.38;0.409742911;1.261458899;0.035040294
20211126;1183;1.510521053;1.4;0.334007057;1.293404106;0.025324018
20211127;1184;1.425642857;1.2894;0.350766087;1.281421002;-0.00926478
20211128;1185;1.547425714;1.35;0.451600857;1.308275036;0.020956449
20211129;1186;1.870727586;1.6;0.878163426;1.396565346;0.067486046
20211130;1187;1.816052941;1.475;0.975204812;1.393280127;-0.002352356
20211201;1188;1.887896;1.65;0.773533313;1.479948491;0.06220455
20211202;1189;1.720195556;1.48;0.890555491;1.451076206;-0.01950898
20211203;1190;1.679392727;1.49;0.453690368;1.473674899;0.015573746
20211204;1191;1.476979167;1.285;0.400345792;1.403250368;-0.047788376
20211205;1192;1.601402941;1.475;0.491445861;1.450641756;0.033772581
20211206;1193;1.331620833;1.285;0.235273953;1.379630708;-0.048951471
20211207;1194;1.413705882;1.29;0.312292966;1.373424155;-0.004498706
20211208;1195;1.396230769;1.25;0.315110741;1.334351621;-0.028448993
20211209;1196;1.870853571;1.495;1.838166445;1.400925259;0.049892125
20211210;1197;1.835188889;1.33;1.448618218;1.355092293;-0.03271621
20211211;1198;1.656055;1.38;0.736072792;1.378672517;0.017401194
20211212;1199;1.429821429;1.35;0.293063266;1.361254937;-0.012633588
20211213;1200;1.921313636;1.55095;1.427259623;1.430292485;0.050716105
20211214;1201;1.54556;1.3;0.735169713;1.36384914;-0.046454376
20211215;1202;1.309405882;1.2;0.211102169;1.331380542;-0.023806591
20211216;1203;1.484066667;1.295;0.613211611;1.330076561;-0.00097942
20211217;1204;1.404835294;1.33;0.319207748;1.330485701;0.000307606
20211218;1205;1.624371429;1.52;0.470807154;1.393520754;0.047377475
20211219;1206;1.3504;1.23;0.3500926;1.318002152;-0.054192664
20211220;1207;1.344511538;1.294;0.297256097;1.335174302;0.013028924
20211221;1208;1.47533;1.3;0.383762756;1.317725484;-0.013068569
20211222;1209;1.496134783;1.3311;0.398572772;1.327999929;0.007797105
20211223;1210;1.7574125;1.47;0.979601018;1.371908471;0.033063663
20211224;1211;1.500825;1.415;0.344045695;1.371636133;-0.00019851
20211225;1212;1.558533333;1.45;0.639858652;1.397848201;0.019110074
20211226;1213;1.934916667;1.935;0.563906094;1.568161445;0.121839584
20211227;1214;1.825954167;1.42;1.175648712;1.462003215;-0.067695982
20211228;1215;1.831729348;1.64;0.810531489;1.556721553;0.064786682
20211229;1216;2.058382979;1.79;1.085543424;1.602908256;0.029669213
20211230;1217;2.226634545;1.84;1.383571932;1.66654327;0.039699723
20211231;1218;2.011313489;1.75;0.675114436;1.673150509;0.003964637
20220101;1219;2.345064875;2;1.562452923;1.779897926;0.063800248
20220102;1220;2.5302845;2;1.86652588;1.817682812;0.021228681
20220103;1221;2.28912439;1.995;0.704882583;1.864193579;0.025587945
20220104;1222;2.461116949;2.1945;0.794292994;1.95879213;0.050745026
20220105;1223;2.802082353;2.5;0.877383803;2.5;0.276296735
20220106;1224;3.270080952;2.95;1.220211373;2.95;0.18
20220107;1225;3.584966667;3.25;1.405388315;3.25;0.101694915
20220108;1226;3.952326316;3.52495;1.84337278;3.52495;0.0846
20220109;1227;4.699523223;3.95;2.244965399;3.95;0.120583271
20220110;1228;4.783583333;3.65;2.953191313;3.708316667;-0.061185654
20220111;1229;4.834633929;4;1.721406671;4;0.078656533
20220112;1230;5.391235952;4.44;2.555161012;4.44;0.11
20220113;1231;6.242189281;5.15;3.557028253;5.15;0.15990991
20220114;1232;7.281838519;6.9;2.168604739;6.9;0.339805825
20220115;1233;6.707381489;6.29;1.430335579;6.113333333;-0.114009662
20220116;1234;8.644386685;6.7;3.93428129;6.571111111;0.074881861
20220117;1235;7.468704167;6.89;1.779405948;6.524814815;-0.007045429
20220118;1236;7.213335022;6;3.852131783;6.365308642;-0.024446084
20220119;1237;7.67858155;6.85;4.03582945;6.580041152;0.033734815
20220120;1238;10.00942934;5.86655;8.796578773;6.270633265;-0.047022181
20220121;1239;5.949603704;5;2.202377738;5.950224806;-0.051096667
20220122;1240;6.156825;4.745;2.768066166;5.655286023;-0.04956767
20220123;1241;5.728838889;4.785;1.932826823;5.46350361;-0.033912063
20220124;1242;5.345;5.5;0.50486797;5.539596544;0.013927498
20220125;1243;6.304736842;5.4;1.807611587;5.467700051;-0.012978652
20220126;1244;5.829772727;5.2;2.423725231;5.402432199;-0.011936985
20220127;1245;6.087058824;4.98;1.895991709;5.283377417;-0.022037256
20220128;1246;7.600809524;5;5.858497057;5.228603205;-0.010367272
20220129;1247;5.567954545;5.275;2.444597863;5.262326874;0.006449843
20220130;1248;6.331647059;5.399;1.677598281;5.29664336;0.006521162
20220131;1249;6.512090909;5.975;2.36210983;5.511323411;0.04053134
20220201;1250;6.427272727;5.5;1.648909281;5.435988924;-0.013669038
20220202;1251;6.63625;5.7;1.905195965;5.549104112;0.020808576
20220203;1252;6.376315789;5.39;1.829742576;5.458364345;-0.016352147
20220204;1253;5.374673044;5.2;0.840564551;5.402489486;-0.010236557
20220205;1254;6.35449375;5.135;3.114253699;5.331951277;-0.013056612
20220206;1255;5.161122222;4.5;1.46325257;5.078146921;-0.047600652
20220207;1256;7.073136364;5.125;4.529807547;5.178366066;0.019735377
20220208;1257;5.3653055;4.2;2.134898888;4.818837662;-0.069428928
20220209;1258;5.298333333;4;2.042729161;4.665734576;-0.031771787
20220210;1259;4.936784211;4.6;1.433124646;4.694857413;0.006241855
20220211;1260;4.43785;4.2144;0.829384493;4.52499733;-0.03618003
20220212;1261;5.365;5.345;1.357379829;4.854951581;0.07291811
20220213;1262;6.7135;5.25;4.804036981;4.876649637;0.004469263
20220214;1263;6.028666667;4.99;1.975842918;4.907200406;0.006264705
20220215;1264;6.977333267;7.57;2.740853599;5.784616681;0.178801802
20220216;1265;5.291666667;4.55;1.361288383;5.080605696;-0.121703999
20220217;1266;6.4445;5.15;2.403332062;5.338407459;0.050742329
20220218;1267;5.10763;4.25;1.900073786;4.889671051;-0.084058104
20220219;1268;5.449166667;4.2575;2.129526747;4.82852617;-0.012504907
20220220;1269;6.025555556;4.3;3.090582919;4.672732407;-0.032265283
20220221;1270;5.899166667;5;2.227622986;4.833752859;0.034459592
20220222;1271;5.176;4.45;1.357250898;4.652161755;-0.037567312
20220223;1272;5.086176471;3.85;2.340073135;4.445304872;-0.04446468
20220224;1273;4.669573684;4.19;1.681639167;4.429155542;-0.003632896
20220225;1274;5.626566667;4.6944;2.103065209;4.522953471;0.021177384
20220226;1275;5.488166667;4.92;2.12063485;4.624036338;0.022348863
20220227;1276;4.168544444;3.6;1.095670146;4.248996603;-0.081106572
20220228;1277;4.421818182;3.47;1.477868859;4.114344314;-0.031690374
20220301;1278;3.814285714;3.45;1.114194135;3.937780306;-0.042914252
20220302;1279;3.82;3.5;0.843252631;3.850708206;-0.022111975
20220303;1280;3.389;3.3;0.416243118;3.696162837;-0.040134272
20220304;1281;5.242190909;5.5;1.958439869;4.348957015;0.17661402
20220305;1282;3.362272727;3.45;0.630058201;3.831706617;-0.118936654
20220306;1283;4.015483333;3.8445;1.369613868;4.008387877;0.046110331
20220307;1284;3.911666667;3.42;1.145858271;3.753364832;-0.063622347
20220308;1285;3.445259259;2.995;0.985161866;3.585584236;-0.044701382
20220309;1286;4.28419025;3.665;2.474932706;3.667983023;0.022980575
20220310;1287;3.663571429;3.3;1.08589989;3.517855753;-0.040929107
20220311;1288;3.21;3.1;0.356854949;3.428612925;-0.02536853
20220312;1289;4.191538462;3.95;1.099673028;3.632156226;0.059366078
20220313;1290;3.7375;3.025;1.441859332;3.36192305;-0.074400207
20220314;1291;3.5475;3.365;0.74477727;3.453026425;0.02709859
20220315;1292;4.26505;4.26505;2.100036429;3.693333159;0.069593077
20220316;1293;3.526666667;3.38;0.41968242;3.508786528;-0.049967502
20220317;1294;4.533333333;5;0.87532851;4.067373229;0.159196547
20220318;1295;3.547857143;3.175;0.874688328;3.583719919;-0.118910482
20220319;1296;3.795326667;3.35;1.56989168;3.667031049;0.02324711
20220320;1297;3.793428571;3.214;1.065738726;3.488250323;-0.048753535
20220321;1298;3.422857143;3.33;0.377434952;3.495093791;0.001961863
20220322;1299;3.732375;3.4;1.376126856;3.461114704;-0.009721938
20220323;1300;4.797857143;4.44;1.939465345;3.798736165;0.09754703
20220324;1301;4.34749875;3.84;1.430792635;3.69995029;-0.026004932
20220325;1302;4.2245;4.2245;1.662408043;3.907728818;0.056157114
20220326;1303;3.457142857;2.8;1.837214506;3.469226369;-0.112214145
20220327;1304;3.965083333;4.1;0.961143775;3.825651729;0.102739148
20220328;1305;3.549714286;3.3;0.660404349;3.531626033;-0.076856368
20220329;1306;3.896871429;2.995;2.056305975;3.450759254;-0.022897888
20220330;1307;4.884146154;3.39;3.459090814;3.457461762;0.001942329
20220331;1308;3.616666667;2.89;1.284691922;3.266073672;-0.055355085
20220401;1309;3.706111111;3.325;0.9540695;3.349511811;0.025546925
20220402;1310;3.274222222;3;0.82134977;3.205195161;-0.043085876
20220403;1311;3.80875;2.925;1.918053138;3.159902324;-0.01413107
20220404;1312;2.959411765;2.88;0.501665608;3.081699162;-0.024748601
20220405;1313;4.1546;4;1.168134765;3.413867162;0.10778729
20220406;1314;4.478166667;4.05;1.757425097;3.515188775;0.029679424
20220407;1315;4.696814265;3.975;1.346054578;3.634685312;0.033994344
20220408;1316;4.884;4;1.812104179;3.716624696;0.022543735
20220409;1317;5.467142857;4.75;2.62675157;4.033770003;0.085331539
20220410;1318;8.426666667;4.08;7.598034834;3.943464899;-0.022387271
20220411;1319;3.804542857;3.0621;1.868811389;3.679778301;-0.066866729
20220412;1320;3.9306;3.58;1.022998925;3.7344144;0.014847661
20220413;1321;4.056363636;3.65;1.293168765;3.688064234;-0.012411629
20220414;1322;4.27375;3.875;1.05678674;3.765826211;0.021084768
20220415;1323;4.964428571;5;1.410817949;4.151296815;0.102360168
20220417;1325;3.706792857;3.59;0.699122726;3.835707675;-0.07602182
20220418;1326;4.321327778;3.944;1.161278876;3.977001497;0.036836441
20220419;1327;4.3934;3.9104;1.356387165;3.907703057;-0.017424796
20220420;1328;4.764444444;4.39;1.854852495;4.091568185;0.04705197
20220421;1329;4.076766667;3.74975;1.443124716;3.916340414;-0.042826555
20220422;1330;3.94611;3.9;0.81427281;3.969302866;0.013523455
20220423;1331;4.266483333;3.4;1.90026213;3.761881093;-0.052256474
20220424;1332;4.221855556;3.25;2.037417112;3.660394653;-0.026977578
20220425;1333;3.44452;2.87;1.421627663;3.430758582;-0.062735331
20220426;1334;3.384939525;3.0385;0.802757283;3.376551078;-0.015800443
20220427;1335;3.384632;3.156;0.875369122;3.32110322;-0.016421448
20220428;1336;3.60925;3.075;1.057189772;3.257551433;-0.019135746
20220429;1337;3.482703667;3.2;0.718615021;3.259551551;0.000613994
20220430;1338;3.50590176;3.4;0.727780545;3.305700995;0.014158219
20220501;1339;3.881787;3.3885;0.939213196;3.317917515;0.003695592
20220502;1340;4.064230769;3.395;1.057417936;3.339539503;0.006516735
20220503;1341;3.418333333;3.325;0.537689636;3.327485673;-0.003609429
20220504;1342;4.201666667;3.195;2.756304894;3.287341725;-0.012064349
20220505;1343;5.9;5.9;0;4.171609133;0.268991629
20220506;1344;3.754875;3.225;1.528450761;3.561316953;-0.146296587
20220507;1345;4.03;3.3;1.20913192;3.677642028;0.0326635
20220508;1346;3.6275;3.305;0.860673186;3.514652994;-0.044318896
20220509;1347;2.595207353;2.440524995;0.630749249;3.210940006;-0.086413364
20220510;1348;2.672288929;2.36;0.795675782;3.028531;-0.0568086
20220511;1349;2.594;2.5;0.375445402;2.913157002;-0.038095697
20220512;1350;2.341702703;1.93;0.751502231;2.623896001;-0.099294683
20220513;1351;2.669388889;2.265;1.012801423;2.600684334;-0.00884626
20220514;1352;3.5046625;2.37;3.190071612;2.531526778;-0.026592061
20220515;1353;3.174970167;2.74;1.341893785;2.624070371;0.036556434
20220516;1354;3.755;3.675;1.162368272;2.943532383;0.121742929
20220517;1355;3.1425;3.165;0.74611773;2.910867585;-0.011097143
20220518;1356;3.368;2.78;0.946873804;2.878133323;-0.011245535
20220519;1357;4.433769231;3.03;4.724324258;2.939666969;0.021379707
20220520;1358;3.16405;3.085;0.74730656;2.967600097;0.00950214
20220521;1359;3.149616667;2.635;0.969233653;2.847422355;-0.040496609
20220523;1361;3.032;2.39;1.18189255;2.735007484;-0.039479521
20220524;1362;2.9125;2.775;0.400780489;2.785809947;0.01857489
20220525;1363;3.120377778;2.99;0.453184603;2.836939144;0.01835344
20220526;1364;3.783853846;3.5;1.100499702;3.040916363;0.071900457
20220527;1365;2.614385714;2.6;0.397234286;2.825951836;-0.070690707
20220528;1366;2.7649;2.505;0.578098502;2.790622733;-0.012501665
20220529;1367;3.30375;3.1375;1.152268596;2.918024856;0.045653653
20220530;1368;2.631;2.45;0.589565754;2.719549196;-0.068017124
20220531;1369;2.343157895;2.1;0.439027367;2.579191351;-0.051610703
20220601;1370;3.004285714;2.735;0.755825726;2.677913516;0.038276402
20220602;1371;3.261428571;3.5;0.453336835;2.919034956;0.090040787
20220603;1372;2.5228;2.2;0.612943064;2.598982824;-0.109643131
20220604;1373;2.506986667;2.47;0.375038026;2.662672593;0.024505652
20220605;1374;3.943333333;3.25;1.812355741;2.837218472;0.065552888
20220606;1375;2.7897;2.815;0.383218548;2.771630355;-0.023117049
20220607;1376;3.035833333;2.85;0.685816423;2.819616276;0.017313247
20220608;1377;3.063333333;2.8;0.637207449;2.79708221;-0.007991891
20220609;1378;3.302130435;2.99;0.68492125;2.868899495;0.025675786
20220610;1379;3.656151469;3.45;0.558010299;3.038660569;0.05917289
20220611;1380;3.938085714;3.1189;2.667655801;3.008820021;-0.009820296
20220612;1381;3.443873575;3.1395;0.900135371;3.062326863;0.017783331
20220613;1382;3.321764706;3.2;0.587252451;3.090382295;0.009161475
20220614;1383;3.334;2.7;0.951908609;2.950903053;-0.045133329
20220615;1384;3.244631579;2.75;1.47770194;2.930428449;-0.00693842
20220616;1385;3.148529412;2.85;0.633057473;2.910443834;-0.006819691
20220617;1386;3.442325;3.29;0.580843511;3.043624094;0.045759433
20220618;1387;3.789083333;3.399;1.180127919;3.117689309;0.024334547
20220619;1388;4.19300625;3.89;1.79936162;3.350437801;0.074654165
20220620;1389;3.302933333;3.26;0.695861859;3.242709037;-0.032153638
20220621;1390;5.0125;4.645;2.441794081;3.746048946;0.155222039
20220622;1391;3.832307692;3.09;1.669706331;3.359585994;-0.103165484
20220623;1392;5.196666667;4.39;1.56461923;3.831878313;0.140580512
20220624;1393;3.78;3.99;0.603075451;3.727154769;-0.027329559
20220625;1394;3.34;3.1;0.501771861;3.553011028;-0.04672297
20220626;1395;4.09001225;3.9;1.458429528;3.726721932;0.048891181
20220627;1396;4.694545455;3.75;3.486093411;3.676577653;-0.013455331
20220628;1397;4.013;3.75;1.1879118;3.717766529;0.011203048
20220629;1398;3.626071429;3.695;0.551725191;3.696448061;-0.005734214
20220630;1399;3.231666667;3.195;0.570803527;3.536404863;-0.043296482
20220701;1400;3.545;3.475;0.484871117;3.569284308;0.009297421
20220702;1401;3.604271429;3.4999;0.83870856;3.53519639;-0.009550351
20220703;1402;4.277142857;4.15;1.188061647;3.751493566;0.061183921
20220704;1403;4.104285714;3.85;1.529693402;3.712229985;-0.01046612
20220705;1404;3.015;3.015;0.021213203;3.492907851;-0.059080966
20220706;1405;3.588571429;3.48;0.446856747;3.561712612;0.019698419
20220707;1406;3.7975;3.95;0.739917949;3.668206821;0.02989972
20220708;1407;5.125;4.3;2.753633963;3.843306478;0.047734401
20220709;1408;4.275;4.275;1.803122292;3.928837766;0.02225461
20220710;1409;3.912222222;4.04;1.07522995;3.937381415;0.002174599
20220711;1410;4.525;4.85;0.877353976;4.238739727;0.076537749
20220712;1411;4.496666667;3.5;2.091418976;3.89204038;-0.081793025
20220713;1412;2.83;2.83;0.169705627;3.653593369;-0.061265297
20220714;1413;3.450780093;3;0.861373737;3.51521125;-0.037875621
20220715;1414;4;4;0;3.722934873;0.059092785
20220717;1416;2.582333333;2.66;0.118105885;3.299382041;-0.113768531
20220718;1417;2.466802;2.574;0.221223905;3.198772305;-0.030493509
20220719;1418;3.63202;3.4;1.343249382;3.299384782;0.031453466
20220720;1419;3.6415;2.85;2.141189739;3.116052362;-0.055565638
20220721;1420;3.113783333;2.80635;0.870394256;3.073929048;-0.013518166
20220722;1421;2.7;2.7;0;2.963327137;-0.035980632
20220723;1422;2.96;2.96;0;2.999085395;0.012066929
20220724;1423;3.916666667;3.9;1.175088649;3.287470844;0.096157798
20220725;1424;3.91117;3.75;1.435511763;3.345518746;0.017657313
20220726;1425;2.9265;2.9265;0.103944697;3.18649653;-0.047532902
20220727;1426;3.726666667;4;0.940283645;3.510671759;0.10173406
20220728;1427;3.06;2.845;0.497393205;3.180722763;-0.093984576
20220729;1428;3.4861125;3.3694;1.057958448;3.353598174;0.054350984
20220730;1429;2.643333333;2.47;0.30892286;3.001440312;-0.105008962
20220731;1430;3.715;3.75;0.840684245;3.368346162;0.12224326
20220801;1431;3.14351;2.87;0.908664637;3.079928825;-0.085625801
20220802;1432;2.98194;2.875;0.54702175;3.107758329;0.009035762
20220803;1433;2.935;2.99;0.464076143;3.059229051;-0.015615525
20220804;1434;2.544333333;2.321;0.394644566;2.829329127;-0.075149628
20220805;1435;2.95242;2.492;0.92756519;2.793519393;-0.012656617
20220806;1436;2.675;2.675;0.106066017;2.765949506;-0.00986923
20220807;1437;2.97;3.29;0.797036177;2.949822966;0.066477519
20220808;1438;2.794271429;2.5;0.650512118;2.738590824;-0.071608413
20220809;1439;3.0333;2.85;0.599518334;2.84613793;0.039270966
20220810;1440;3.290156424;2.425;1.973906641;2.669909585;-0.061918414
20220811;1441;2.40025;2.25;0.468786065;2.588682505;-0.030423158
20220812;1442;2.196666667;2.2;0.905004604;2.486197363;-0.039589691
20220813;1443;1.716575;1.63315;0.191517421;2.236009956;-0.10063055
20220814;1444;1.874253;1.874253;0.305112333;2.198820106;-0.016632238
20220815;1445;3.478888889;2;2.373106848;2.144943354;-0.024502574
20220816;1446;1.948128571;1.784;0.702530964;2.04258782;-0.047719458
20220817;1447;1.601333333;1.55;0.130787359;1.912510391;-0.063682662
20220818;1448;1.7930375;1.6796;0.50863007;1.878232737;-0.017922859
20220819;1449;2.4089499;2.25;0.667753343;2.013581043;0.07206152
20220820;1450;2.71305;2.4;1.407436335;2.09727126;0.041562875
20220821;1451;1.89;1.89;0;2.000284101;-0.046244451
20220822;1452;2.6568;2.1;0.901055603;2.065851787;0.032779187
20220823;1453;2.852;2.66;0.719562367;2.242045296;0.085288553
20220824;1454;2.635;2.745;0.641521629;2.350965694;0.04858082
20220825;1455;2.13581;1.94445;0.5383673;2.179153663;-0.073081471
20220826;1456;2.437457143;2.6;0.490644402;2.376706453;0.090655741
20220827;1457;1.8664125;1.7501;0.314537322;2.101986705;-0.115588422
20220828;1458;2.202983333;2.159;0.434644362;2.212564386;0.05260627
20220829;1459;2.6;2.25;0.595818764;2.188183697;-0.0110192
20220830;1460;2.251858333;2.28;0.322468012;2.226916028;0.017700676
20220831;1461;2.495;2.3;0.688391126;2.238366575;0.005141886
20220901;1462;2.558571429;2.3;0.912787463;2.255094201;0.00747314
20220902;1463;2.061166667;1.85;0.420009722;2.114486925;-0.062350954
20220903;1464;1.94;1.94;0;2.103193709;-0.005340878
20220904;1465;2.402352941;2.28;0.389190336;2.165893545;0.029811727
20220905;1466;3.99;3.425;2.020989856;2.564695751;0.184128258
20220906;1467;2.245;2.245;0.784888527;2.325196432;-0.093383131
20220907;1468;2.60502;2.35;0.6558921;2.413297394;0.037889686
20220908;1469;2.920012475;2.875;0.749159787;2.537831275;0.051603205
20220909;1470;2.417546825;2.12055;0.543057035;2.357226223;-0.071165114
20220910;1471;2.41714;2.33;0.510106261;2.4083525;0.021689168
20220911;1472;3.0212;3.0212;0;2.595592908;0.077746264
20220912;1473;1.91055;1.91055;0.366917709;2.304831802;-0.112021074
20220913;1474;2.046666667;1.99;0.328684246;2.296808237;-0.003481194
20220914;1475;2.346666667;2.025;0.631843863;2.208880013;-0.038282788
20220915;1476;2.09202;2.2;0.395206468;2.235229417;0.011928852
20220916;1477;2.087421429;2.035;0.775996678;2.159703143;-0.033789048
20220917;1478;2.060066667;1.8801;0.31171141;2.09167752;-0.031497673
20220918;1479;2.06723;1.985;0.524955842;2.078793554;-0.006159633
20220919;1480;1.8268;1.821;0.015610894;1.997157025;-0.03927111
20220920;1481;1.965857143;1.9;0.303534967;1.991983526;-0.002590431
20220921;1482;2.2;2.2;0;2.06304685;0.035674654
20220923;1484;2.8;2.8;0;2.285010125;0.107590031
20220924;1485;2.578;2.49;0.409169891;2.279352325;-0.00247605
20220925;1486;2.22835;2.035;0.421306937;2.199787483;-0.034906776
20220926;1487;5.0525;1.97;6.299568107;2.14971327;-0.022763205
20220927;1488;2.69369288;2.5;0.525598337;2.283166918;0.062079743
20220928;1489;3.695314828;3.55;1.152264783;2.660960062;0.165468912
20220929;1490;2.562171429;2.75;0.390620023;2.564708993;-0.036171557
20220930;1491;2.7075;2.77;0.510017157;2.665223019;0.039191201
20221001;1492;2.91;3.05;0.522278661;2.759977337;0.035552116
20221002;1493;2.531354545;2.49;0.24714992;2.638400119;-0.044050079
20221003;1494;2.578035136;2.35;0.583831634;2.582792485;-0.02107627
20221004;1495;3.063333333;2.575;1.161665471;2.598730868;0.006170988
20221005;1496;2.460978141;2.275;0.452916981;2.485507784;-0.043568607
20221006;1497;2.183333333;2.2;0.028867513;2.428079551;-0.023105232
20221009;1500;2.71346;2.42;0.509640941;2.444529112;0.006774721
20221010;1501;2.695;2.695;0.007071068;2.522536221;0.031910894
20221011;1502;3.143333333;3.25;0.410528115;2.739021778;0.085820594
20221012;1503;2.83982;3;0.592225643;2.753852666;0.005414666
20221013;1504;2.318142238;2.08;0.695828618;2.524291481;-0.08336001
20221014;1505;2.782463636;2.79;0.707434156;2.689381382;0.065400491
20221015;1506;2.1;2.1;0;2.437890955;-0.09351237
20221016;1507;3.035833333;2.3775;1.356334828;2.501590779;0.02612907
20221017;1508;3.613216667;3.0695;2.156336384;2.669660578;0.067185169
20221018;1509;2.719;2.719;0.680236724;2.630083786;-0.014824653
20221019;1510;3.2425;3.245;0.646806256;2.848248121;0.082949576
20221020;1511;2.466727273;2.29;0.552435352;2.589443969;-0.090864328
20221021;1512;2.800714286;2.245;1.240071116;2.560897363;-0.011024222
20221022;1513;2.781666667;2.7;0.468846101;2.616780444;0.021821679
20221023;1514;2.038008889;1.941;0.229161879;2.372892602;-0.093201492
20221024;1515;2.339345833;2.16485;0.601933907;2.384841016;0.005035379
20221025;1516;2.371975;2.1195;0.519044188;2.292411206;-0.038757221
20221026;1517;2.865542857;2.975;0.494804362;2.550750741;0.112693366
20221027;1518;2.388;2.4251;0.33433879;2.422753982;-0.050180034
20221028;1519;2.5;2.6;0.324653662;2.524501574;0.041996667
20221030;1521;2.6025451;2.1821;0.689907937;2.376451852;-0.05864513
20221031;1522;3.012714286;2.599;0.743277587;2.499984475;0.051981959
20221101;1523;2.383528571;2.47945;0.291380104;2.451962109;-0.019209066
20221102;1524;2.51195;2.51195;0.233415948;2.487965528;0.014683514
20221103;1525;2.575;2.425;0.473462424;2.454975879;-0.013259689
20221104;1526;2.75103;2.2;1.250531595;2.380980469;-0.030140993
20221105;1527;3.7297;3.7297;0;2.855218783;0.199177742
20221106;1528;3.29265;3.49;0.784872905;2.908733084;0.018742627
20221107;1529;2.880162375;2.3499995;1.51927194;2.704650456;-0.070162034
20221108;1530;2.20284;2.2;0.143992663;2.60446118;-0.037043336
20221109;1531;2.367650477;2.105;0.48780906;2.471370545;-0.051101025
20221110;1532;2.4998;2.25;0.442802096;2.441943908;-0.011907011
20221111;1533;2.5406;2.3125;0.521089982;2.408604818;-0.013652685
20221112;1534;2.86;2.715;0.728324888;2.521849575;0.047016745
20221113;1535;2.335647915;2.1;0.482733249;2.343484798;-0.070727762
20221114;1536;2.0945;2.1095;0.195289083;2.324944791;-0.007911298
20221115;1537;2.208;2.175;0.388023563;2.281143196;-0.018839843
20221116;1538;2.3946;2.25;0.51236775;2.285362662;0.001849716
20221117;1539;2.6171;2.525;0.507835127;2.363835286;0.034337055
20221118;1540;2.708;2.3;1.094905374;2.316399316;-0.020067375
20221119;1541;2.393666667;2.041;0.54712363;2.240411534;-0.032804267
20221120;1542;2.66315;2.675;0.175373976;2.410603617;0.075964652
20221121;1543;2.3;2.3;0;2.31700505;-0.038827854
20221122;1544;3.101428571;3.25;0.694316013;2.659202889;0.147689725
20221123;1545;2.68065;2.68065;0.150861625;2.55228598;-0.040206375
20221124;1546;3.041809;3.21;1.005444297;2.807162956;0.099862233
20221125;1547;2.0133;2.0133;0;2.457582979;-0.124531416
20221126;1548;2.320507921;2.320507921;0.211413725;2.528417952;0.028823024